Quintile,Mean_Return,Median_Return,Win_Rate,N
Q1_weak,-0.00108,-0.00332,0.45059,253
Q2,0.00056,0.00025,0.51587,252
Q3,-0.00073,-0.00091,0.48810,252
Q4,0.00133,0.00258,0.55556,252
Q5_strong,0.00702,0.00323,0.59524,252